account_id,customer_id,account_type,balance,created_date,status
1,655,Savings,25985.74,02-11-2022,Inactive
2,251,Savings,140398.39,30-10-2024,Active
3,693,Loan,892287.39,21-09-2024,Active
4,605,Current,32750.9,19-01-2021,Active
5,224,Savings,505849.93,13-11-2020,Active
6,575,Savings,716303.59,03-12-2024,Inactive
7,226,Current,589676.42,03-04-2021,Active
8,778,Savings,698441.26,24-02-2023,Inactive
9,285,Savings,216098.45,17-07-2023,Inactive
10,105,Savings,380547.37,28-10-2023,Inactive
11,868,Current,604122.31,22-02-2023,Active
12,748,Current,536691.86,19-05-2025,Inactive
13,81,Loan,293885.1,14-05-2023,Inactive
14,592,Savings,704867.26,26-07-2025,Active
15,678,Savings,773295.27,06-04-2024,Active
16,876,Savings,866617.18,26-08-2024,Inactive
17,285,Current,636048.76,24-12-2022,Inactive
18,167,Current,355915.43,15-08-2021,Inactive
19,719,Loan,648387.35,08-06-2024,Active
20,547,Loan,245566.11,08-05-2024,Inactive
21,389,Current,989533.83,07-11-2021,Active
22,702,Current,843009.07,28-05-2022,Active
23,235,Savings,805240.75,09-07-2025,Inactive
24,275,Savings,211771.86,17-08-2023,Inactive
25,218,Loan,499732.03,24-04-2024,Inactive
26,147,Current,140490.69,17-11-2024,Inactive
27,765,Loan,429005.39,21-09-2021,Inactive
28,371,Savings,997328.45,13-01-2022,Active
29,522,Current,91818.5,13-07-2023,Active
30,882,Savings,153688.48,27-10-2023,Active
31,812,Loan,422737.81,17-09-2025,Active
32,395,Current,596292.54,09-08-2022,Inactive
33,542,Current,971107.3,25-08-2023,Active
34,697,Loan,115437.19,23-12-2020,Inactive
35,788,Loan,340835.3,28-02-2022,Inactive
36,446,Savings,454269.98,22-07-2024,Inactive
37,996,Loan,762200.24,22-05-2024,Active
38,892,Loan,299146.35,11-07-2024,Active
39,157,Current,762748.29,19-12-2022,Active
40,614,Current,489117.1,25-11-2020,Active
41,952,Current,878843.16,02-12-2023,Inactive
42,246,Savings,241630.72,15-04-2023,Active
43,88,Loan,486504.47,12-10-2021,Active
44,779,Loan,766068.59,16-01-2022,Active
45,676,Current,946901.83,10-01-2022,Active
46,272,Loan,872560.61,24-11-2024,Inactive
47,988,Savings,928984.58,24-12-2021,Active
48,731,Current,399593.31,30-10-2024,Inactive
49,449,Loan,452034.66,08-02-2024,Active
50,231,Savings,338747.48,16-10-2023,Active
51,603,Savings,8183.65,28-05-2022,Active
52,235,Savings,905514.59,04-04-2021,Inactive
53,73,Loan,238766.63,18-02-2023,Inactive
54,220,Loan,133179.54,08-11-2023,Inactive
55,249,Current,807689.5,08-09-2021,Active
56,97,Savings,659323.77,11-06-2022,Inactive
57,434,Current,467557.64,28-01-2023,Active
58,690,Loan,984181.05,08-08-2021,Active
59,63,Current,728485.37,12-12-2024,Active
60,255,Savings,191018.7,22-02-2021,Inactive
61,144,Current,184304.55,14-03-2021,Inactive
62,256,Savings,443687.61,11-08-2023,Active
63,52,Loan,999283.19,17-02-2023,Active
64,993,Savings,926440.62,29-10-2023,Active
65,171,Current,486155.48,03-08-2023,Active
66,886,Current,902540.42,14-06-2025,Active
67,389,Savings,985323.53,09-10-2022,Inactive
68,949,Current,285963.98,11-03-2023,Inactive
69,159,Savings,297411.12,24-09-2023,Active
70,594,Loan,542653.01,01-10-2023,Inactive
71,59,Savings,584593.42,02-08-2023,Active
72,59,Loan,81031.35,26-10-2023,Active
73,71,Loan,68892.9,04-06-2024,Active
74,414,Savings,941654.53,27-04-2022,Active
75,593,Loan,40701.92,09-10-2021,Active
76,430,Loan,584088.62,01-05-2024,Inactive
77,958,Current,205054.94,22-06-2025,Inactive
78,245,Current,396390.06,21-07-2022,Inactive
79,469,Current,929089.31,16-06-2022,Active
80,10,Current,621538.1,24-11-2023,Active
81,76,Loan,213941.16,02-11-2024,Inactive
82,136,Current,880983.31,02-04-2024,Active
83,379,Current,158589.09,02-04-2024,Inactive
84,627,Loan,529411.75,20-01-2025,Inactive
85,955,Loan,104482.92,08-03-2021,Active
86,271,Savings,889822.99,29-06-2025,Active
87,279,Current,605225,03-10-2023,Inactive
88,209,Loan,634603.72,16-10-2020,Inactive
89,518,Current,251870.13,16-04-2023,Active
90,95,Loan,424152.2,30-08-2025,Inactive
91,46,Savings,334222.98,03-07-2021,Active
92,653,Current,162420.39,24-12-2020,Inactive
93,565,Loan,428259.23,31-12-2024,Active
94,115,Savings,945105.89,10-04-2024,Active
95,559,Savings,834760.42,26-02-2021,Active
96,441,Savings,42787.03,23-03-2023,Inactive
97,921,Savings,899025.71,08-06-2022,Active
98,699,Savings,667266.48,26-05-2021,Inactive
99,799,Loan,884250.57,02-10-2024,Inactive
100,998,Loan,749728.13,24-06-2021,Active
101,886,Savings,976229.83,17-11-2023,Active
102,903,Current,25761.58,13-07-2023,Inactive
103,802,Current,802432.9,26-09-2024,Active
104,274,Savings,787587.13,25-06-2025,Active
105,392,Savings,858734.66,16-06-2023,Active
106,205,Current,350308.77,27-01-2022,Active
107,229,Savings,660373.15,09-07-2021,Inactive
108,337,Current,864488.59,26-08-2025,Inactive
109,360,Loan,509896.27,11-08-2024,Inactive
110,962,Savings,116226.41,07-09-2025,Inactive
111,183,Loan,962571.78,11-09-2022,Inactive
112,40,Savings,596974.68,16-08-2022,Inactive
113,747,Current,436957.49,19-01-2024,Active
114,395,Loan,190888.7,15-06-2025,Active
115,726,Current,2689.59,28-12-2023,Active
116,373,Current,70903.84,12-02-2021,Inactive
117,639,Current,663724.09,15-10-2022,Active
118,738,Current,507615.38,23-04-2021,Inactive
119,335,Current,697511.21,19-04-2024,Active
120,197,Current,665264.5,11-01-2021,Inactive
121,694,Loan,902902.74,06-03-2025,Inactive
122,416,Loan,833891.44,15-08-2025,Inactive
123,294,Savings,430458.26,16-02-2025,Inactive
124,477,Current,442717.64,11-01-2025,Active
125,524,Current,793941.66,16-05-2025,Active
126,675,Savings,284502.62,15-09-2023,Inactive
127,96,Savings,673122.87,06-12-2020,Active
128,826,Savings,148206.61,22-06-2021,Active
129,251,Current,611662.7,03-01-2021,Active
130,467,Current,886250.77,11-11-2023,Active
131,736,Loan,384594.49,21-11-2023,Inactive
132,250,Savings,656401.95,02-06-2025,Active
133,915,Savings,778641.99,26-05-2022,Active
134,181,Loan,518439.79,23-05-2021,Active
135,571,Savings,917552.54,07-07-2021,Active
136,468,Savings,801615.19,23-08-2021,Inactive
137,973,Current,613039.67,13-11-2023,Inactive
138,851,Loan,446467.7,19-06-2022,Active
139,762,Current,450619.69,14-03-2022,Active
140,861,Loan,278034.04,04-02-2021,Inactive
141,642,Savings,275322.85,06-02-2022,Active
142,731,Current,235259.08,06-03-2024,Inactive
143,328,Loan,81497.08,24-02-2023,Active
144,237,Current,694255.86,19-02-2021,Active
145,66,Current,408191.77,02-01-2021,Inactive
146,426,Savings,207627.56,04-05-2022,Inactive
147,399,Loan,946115.97,29-09-2022,Active
148,878,Loan,381000.65,28-07-2022,Active
149,966,Current,299314.04,30-07-2025,Inactive
150,874,Current,538682.35,30-05-2024,Active
151,500,Savings,273662.38,16-10-2022,Inactive
152,30,Current,336793.41,22-12-2024,Inactive
153,742,Savings,840665.16,21-09-2025,Active
154,638,Loan,27939.49,01-02-2021,Inactive
155,607,Loan,663336.76,19-04-2022,Active
156,659,Current,136563.79,29-09-2020,Inactive
157,187,Savings,260896.16,25-09-2022,Inactive
158,217,Current,327518.96,07-05-2025,Inactive
159,285,Current,253019.26,29-06-2025,Active
160,482,Savings,749275.24,13-07-2024,Active
161,975,Current,224997.94,19-02-2025,Active
162,800,Loan,41217.88,02-03-2022,Active
163,973,Savings,200161.32,05-04-2021,Active
164,637,Savings,239306.4,26-06-2025,Inactive
165,686,Savings,564405.61,02-04-2025,Active
166,477,Loan,256987.45,10-07-2022,Inactive
167,172,Loan,607640.25,21-03-2025,Active
168,797,Savings,964756.05,03-04-2023,Active
169,593,Savings,928958.28,19-02-2023,Inactive
170,407,Loan,199131.45,20-07-2024,Active
171,105,Loan,772708.4,22-02-2025,Active
172,816,Loan,782852.71,27-07-2021,Inactive
173,546,Current,661859.82,25-03-2024,Active
174,519,Loan,341889.94,29-07-2024,Inactive
175,843,Current,106433.33,27-05-2024,Inactive
176,651,Current,707601.34,29-02-2024,Inactive
177,181,Loan,522225,02-11-2022,Inactive
178,631,Loan,774866.81,18-01-2023,Inactive
179,447,Loan,592882.14,15-11-2021,Inactive
180,873,Savings,830900.29,16-10-2020,Active
181,286,Current,244619.58,08-05-2025,Inactive
182,584,Loan,668520.28,14-09-2022,Inactive
183,30,Current,851101.88,08-04-2023,Active
184,500,Savings,355470.14,31-01-2025,Inactive
185,349,Current,880439.66,07-07-2021,Inactive
186,570,Savings,517110.62,21-04-2022,Active
187,88,Savings,720354.59,24-03-2023,Inactive
188,569,Savings,690918.73,23-04-2022,Inactive
189,459,Savings,93960.3,02-03-2024,Active
190,415,Loan,244061.86,04-06-2024,Inactive
191,485,Loan,531391.01,18-03-2023,Inactive
192,764,Loan,331460.51,24-10-2024,Inactive
193,278,Current,252152.27,03-02-2023,Active
194,739,Savings,316232.4,28-12-2021,Active
195,197,Savings,738866.05,28-03-2024,Inactive
196,742,Loan,976630.42,03-05-2023,Inactive
197,103,Savings,296950.22,23-01-2023,Inactive
198,184,Current,15134.22,24-12-2020,Active
199,281,Savings,974320.64,01-12-2022,Inactive
200,715,Savings,638231.79,30-08-2024,Inactive
201,106,Savings,574490.16,24-06-2025,Inactive
202,491,Current,341365.23,18-05-2022,Active
203,259,Current,114973.05,21-02-2022,Active
204,411,Current,75008.09,07-12-2024,Active
205,156,Savings,811330.93,01-06-2024,Inactive
206,88,Savings,119333.11,07-03-2024,Inactive
207,621,Loan,790950.09,06-10-2022,Active
208,795,Loan,380997.65,27-06-2024,Inactive
209,305,Loan,990041.23,05-07-2023,Inactive
210,583,Loan,61170.07,18-02-2025,Active
211,971,Savings,625889.52,07-07-2021,Inactive
212,677,Savings,157900.04,26-05-2025,Active
213,566,Savings,157376.08,04-10-2024,Inactive
214,462,Loan,594217.38,01-07-2024,Inactive
215,34,Savings,288816.78,19-04-2023,Inactive
216,720,Current,72108.58,17-01-2023,Active
217,947,Current,788040.2,17-07-2025,Active
218,436,Savings,545017.82,28-02-2022,Active
219,931,Current,826804.53,16-05-2023,Active
220,62,Savings,792835.94,11-01-2024,Inactive
221,450,Savings,469229.27,15-03-2025,Inactive
222,717,Current,942733.56,08-07-2024,Inactive
223,449,Savings,598438.63,23-06-2021,Inactive
224,753,Current,604109.93,30-04-2023,Active
225,94,Savings,961949.19,30-11-2022,Active
226,784,Loan,821599.82,29-12-2023,Active
227,782,Savings,471030.32,28-07-2022,Inactive
228,939,Current,182307.66,25-07-2025,Inactive
229,651,Current,969086.18,29-07-2023,Inactive
230,357,Current,333975.09,05-11-2022,Active
231,879,Savings,330473.86,04-07-2021,Inactive
232,296,Loan,945248.35,05-07-2023,Active
233,466,Savings,315202.64,15-07-2023,Inactive
234,119,Current,865045.67,11-06-2024,Active
235,674,Loan,462514.37,27-02-2024,Active
236,193,Loan,362417.58,16-05-2023,Inactive
237,641,Current,760230.55,13-12-2021,Active
238,274,Loan,131882.22,23-05-2022,Inactive
239,449,Loan,485227.09,06-02-2023,Active
240,997,Loan,609262.8,23-10-2020,Active
241,727,Savings,311439.39,09-01-2022,Active
242,566,Current,94115.99,13-12-2023,Active
243,473,Savings,648061.98,08-09-2025,Active
244,511,Loan,292569.7,26-10-2020,Inactive
245,426,Current,980264.39,13-06-2025,Active
246,468,Loan,145497.33,14-07-2025,Active
247,944,Loan,508732.65,01-12-2023,Active
248,885,Savings,276971.16,03-01-2023,Inactive
249,349,Loan,267905.49,12-01-2024,Active
250,290,Loan,299257.29,18-01-2024,Inactive
251,887,Savings,447100.85,13-04-2024,Inactive
252,354,Current,552365.5,21-02-2025,Inactive
253,467,Current,869732.08,08-04-2021,Active
254,586,Current,234328.88,05-10-2021,Inactive
255,45,Current,744960.45,19-04-2025,Inactive
256,396,Loan,792601.27,10-04-2022,Active
257,508,Savings,127120.02,28-11-2021,Inactive
258,891,Savings,874316.18,18-08-2025,Inactive
259,103,Loan,910531.24,19-12-2021,Active
260,740,Savings,410568.64,16-10-2022,Active
261,77,Current,781743.77,19-11-2021,Inactive
262,347,Loan,693011.89,28-12-2022,Active
263,873,Current,852489,28-12-2023,Inactive
264,978,Current,627172.38,28-06-2025,Inactive
265,894,Loan,36863.2,24-11-2024,Active
266,241,Loan,684715.17,22-11-2021,Inactive
267,233,Loan,91288.95,22-04-2022,Active
268,779,Loan,704186.94,03-03-2021,Active
269,455,Savings,694307.16,26-08-2022,Active
270,48,Current,796347.32,14-09-2024,Inactive
271,368,Current,431256.1,29-06-2022,Active
272,544,Current,566362.13,07-09-2022,Active
273,175,Savings,79889.38,09-11-2024,Inactive
274,635,Loan,241588.96,21-06-2025,Active
275,238,Current,638266.73,08-01-2023,Inactive
276,262,Loan,10388.03,06-03-2021,Inactive
277,923,Current,677933.27,06-01-2024,Active
278,76,Current,945290.4,09-04-2021,Inactive
279,655,Current,690623.2,17-06-2022,Inactive
280,866,Current,200017.78,07-02-2025,Inactive
281,874,Current,107546.61,30-03-2024,Inactive
282,586,Current,575237.12,28-11-2024,Inactive
283,23,Loan,396409.94,14-04-2023,Active
284,580,Loan,778533.3,26-02-2025,Active
285,933,Loan,745426.98,04-07-2023,Inactive
286,795,Savings,607457.93,10-12-2024,Inactive
287,225,Loan,190941.86,27-12-2024,Inactive
288,695,Loan,767703.3,21-10-2022,Active
289,644,Savings,903500.3,28-02-2021,Active
290,317,Current,34331.17,25-12-2022,Inactive
291,750,Savings,91043.24,13-07-2023,Inactive
292,335,Loan,416087.59,07-07-2023,Active
293,136,Loan,876584.14,10-09-2025,Inactive
294,544,Loan,913573.49,01-01-2024,Active
295,264,Current,967416.69,30-06-2023,Inactive
296,765,Current,804428.31,19-07-2024,Inactive
297,987,Savings,141616.26,14-02-2024,Active
298,881,Loan,724492.5,21-11-2023,Inactive
299,991,Loan,366409.27,22-08-2024,Inactive
300,15,Current,537035.74,30-12-2024,Inactive
301,378,Loan,749262.59,02-01-2024,Inactive
302,599,Current,822594.88,02-07-2025,Inactive
303,111,Loan,234588.08,28-09-2020,Active
304,635,Loan,328678.28,09-03-2021,Active
305,664,Savings,635768.52,22-09-2023,Inactive
306,932,Loan,302887.98,06-08-2023,Inactive
307,120,Savings,46301.46,18-04-2021,Active
308,312,Current,117004.36,05-11-2021,Active
309,909,Loan,136528.38,03-02-2024,Inactive
310,380,Loan,949431.39,19-10-2024,Inactive
311,602,Loan,726872.55,02-05-2024,Inactive
312,671,Savings,833859.39,12-12-2022,Inactive
313,962,Current,33683.57,24-11-2022,Inactive
314,223,Current,445251.16,21-12-2022,Active
315,876,Current,100255.27,21-07-2022,Inactive
316,558,Loan,359315.17,31-03-2024,Inactive
317,283,Savings,968238.67,19-08-2022,Inactive
318,94,Loan,212893.71,18-02-2022,Active
319,52,Current,244325.33,11-09-2024,Active
320,806,Loan,206000.37,13-01-2021,Active
321,601,Savings,813239.93,08-11-2023,Active
322,337,Savings,788855.11,22-03-2024,Active
323,284,Savings,987539.78,21-08-2021,Inactive
324,818,Savings,110816.42,24-11-2022,Active
325,135,Savings,358884.04,02-06-2024,Active
326,603,Current,16765.3,30-09-2023,Inactive
327,54,Savings,741976.34,14-05-2022,Active
328,764,Savings,476769.72,11-11-2022,Inactive
329,526,Loan,109944.96,17-11-2022,Active
330,969,Loan,44321.67,27-03-2022,Inactive
331,470,Loan,964062.16,31-01-2021,Active
332,491,Current,426847.35,31-03-2021,Active
333,503,Loan,909791.13,17-03-2023,Active
334,921,Savings,322789.71,03-01-2022,Active
335,68,Savings,275740.98,21-06-2021,Inactive
336,391,Loan,531026.28,23-01-2025,Inactive
337,518,Loan,430769.13,23-05-2024,Active
338,874,Loan,651265.75,29-06-2024,Active
339,441,Current,888202.93,07-11-2022,Inactive
340,348,Current,399331.45,08-08-2024,Active
341,321,Current,313211.05,28-07-2021,Inactive
342,384,Savings,687134.21,11-11-2023,Inactive
343,69,Savings,831940.12,22-11-2021,Active
344,443,Savings,744844.38,26-02-2021,Inactive
345,832,Savings,556814.36,06-11-2022,Inactive
346,687,Savings,411397.82,01-07-2023,Inactive
347,889,Loan,52394.63,06-06-2021,Inactive
348,615,Current,352294.54,11-08-2025,Active
349,159,Loan,482707.21,06-07-2021,Active
350,359,Loan,368193.49,03-08-2025,Inactive
351,588,Savings,807414.15,19-03-2025,Active
352,624,Loan,829631.33,06-09-2023,Inactive
353,30,Savings,273997.12,28-11-2020,Inactive
354,944,Current,351672.4,15-08-2023,Active
355,891,Savings,566754.77,15-03-2024,Inactive
356,72,Savings,741228.09,28-11-2023,Active
357,94,Loan,530952.21,02-08-2021,Inactive
358,430,Current,341555.09,23-09-2022,Inactive
359,320,Loan,325058.51,18-08-2022,Active
360,905,Savings,156424.32,02-06-2023,Active
361,691,Savings,272830.74,19-05-2025,Inactive
362,498,Loan,442602.14,11-06-2023,Inactive
363,221,Loan,114703.69,23-02-2021,Inactive
364,114,Current,678539.68,07-05-2025,Inactive
365,540,Loan,309110.97,21-06-2021,Active
366,405,Loan,55727.18,18-12-2022,Active
367,309,Savings,767582.18,27-04-2022,Inactive
368,297,Current,120864.36,21-04-2022,Inactive
369,765,Current,176519.11,22-04-2022,Inactive
370,546,Loan,230880.61,06-07-2025,Inactive
371,74,Current,861902.6,25-12-2024,Active
372,447,Savings,460294.5,09-10-2024,Active
373,883,Current,576183.4,29-04-2024,Inactive
374,727,Loan,418276.27,21-03-2024,Active
375,415,Savings,966233.49,20-06-2022,Active
376,821,Loan,460636.8,23-04-2022,Inactive
377,91,Current,844639.88,22-11-2024,Active
378,447,Loan,401049.37,16-02-2021,Active
379,406,Current,746059.02,06-02-2023,Active
380,342,Savings,77303,27-10-2021,Active
381,544,Loan,194709.8,27-06-2022,Inactive
382,360,Loan,958265.13,19-06-2022,Active
383,242,Savings,147297.77,21-05-2025,Active
384,178,Loan,153716.92,16-07-2021,Active
385,182,Loan,494622.91,26-09-2020,Inactive
386,698,Loan,643348.84,23-02-2024,Inactive
387,885,Loan,316822.76,26-01-2021,Inactive
388,70,Current,442765.86,09-01-2025,Inactive
389,816,Current,591828.34,20-05-2021,Inactive
390,520,Savings,311097.44,25-11-2024,Inactive
391,39,Savings,369368.86,03-02-2021,Inactive
392,79,Loan,864385.78,18-01-2021,Active
393,630,Loan,507560.75,26-10-2023,Inactive
394,595,Loan,954277.25,04-01-2022,Active
395,461,Loan,652185.62,21-10-2021,Inactive
396,620,Current,501865.93,02-06-2021,Active
397,462,Savings,811155.84,22-03-2025,Inactive
398,732,Savings,505044.45,31-12-2022,Active
399,41,Savings,707914.08,13-09-2023,Inactive
400,537,Loan,610195.6,18-08-2024,Inactive
401,382,Current,388029.14,28-03-2023,Inactive
402,696,Loan,53313.15,30-08-2025,Inactive
403,68,Current,95411.44,07-03-2024,Inactive
404,291,Current,724009.92,21-10-2023,Active
405,342,Savings,583156.78,26-11-2020,Active
406,939,Current,310921.51,25-07-2023,Inactive
407,133,Loan,709125.18,08-11-2021,Active
408,318,Loan,377302.63,30-09-2024,Inactive
409,833,Savings,670446.28,19-11-2020,Active
410,662,Loan,423982.96,04-04-2022,Inactive
411,19,Current,309557.2,18-09-2023,Active
412,350,Current,192813.23,17-05-2024,Active
413,159,Savings,296496.31,16-07-2021,Active
414,520,Loan,835284.71,08-09-2021,Active
415,678,Current,876516.38,11-03-2023,Active
416,612,Current,155098.51,23-07-2022,Active
417,852,Loan,771326.72,02-06-2023,Active
418,739,Current,44648.74,04-01-2025,Inactive
419,693,Loan,238292.67,16-05-2022,Inactive
420,626,Current,752638.77,08-02-2021,Inactive
421,240,Loan,239929.33,19-05-2023,Inactive
422,926,Savings,368473.12,11-10-2020,Inactive
423,473,Current,778345.91,03-11-2024,Inactive
424,990,Savings,817074.35,19-10-2024,Active
425,894,Current,53127.62,03-11-2023,Inactive
426,896,Current,554986.2,10-10-2021,Active
427,729,Loan,851314.88,09-08-2022,Inactive
428,86,Savings,273518.51,24-01-2021,Active
429,851,Current,92621.86,14-05-2024,Active
430,837,Current,884745.14,18-05-2021,Active
431,425,Savings,397057.51,25-10-2020,Inactive
432,242,Current,994530.83,10-01-2022,Inactive
433,230,Savings,319366.19,30-11-2021,Active
434,860,Loan,650310.72,25-08-2021,Active
435,141,Savings,287592.52,21-02-2024,Inactive
436,713,Savings,759082.31,27-05-2025,Inactive
437,460,Loan,6245.95,21-09-2025,Active
438,20,Current,216439.09,08-08-2024,Active
439,562,Loan,609271.22,04-03-2023,Inactive
440,114,Current,238402.59,11-08-2023,Active
441,49,Savings,420405.72,09-06-2022,Inactive
442,65,Savings,836851.03,20-08-2024,Inactive
443,612,Loan,17418.92,30-08-2021,Active
444,736,Savings,291980.72,16-02-2023,Active
445,630,Current,241323.67,11-07-2024,Inactive
446,192,Loan,668546.69,05-10-2022,Inactive
447,70,Loan,544537.88,16-01-2022,Active
448,400,Current,44490.89,04-02-2021,Inactive
449,383,Current,747569.27,19-02-2023,Inactive
450,808,Savings,345457.69,25-10-2022,Active
451,791,Loan,735451.8,05-06-2021,Inactive
452,137,Savings,352946.75,19-10-2021,Inactive
453,834,Loan,175914.04,30-06-2024,Inactive
454,713,Current,632104.11,15-02-2023,Active
455,65,Loan,776414.21,04-11-2022,Inactive
456,38,Current,202389.4,19-06-2021,Active
457,908,Savings,316280.22,03-04-2022,Inactive
458,528,Current,989133.58,30-03-2024,Inactive
459,260,Savings,753537.63,04-05-2024,Active
460,293,Current,862276.39,22-03-2024,Active
461,887,Loan,332592.76,18-09-2023,Active
462,819,Current,437514.43,10-02-2024,Inactive
463,762,Current,894742.86,03-02-2021,Inactive
464,348,Savings,496707.02,21-03-2022,Inactive
465,377,Loan,267453.98,11-08-2022,Active
466,745,Current,79848.08,09-06-2022,Active
467,559,Current,321890.22,22-02-2024,Active
468,336,Loan,296344.31,17-06-2021,Inactive
469,618,Loan,426689.96,30-03-2024,Inactive
470,360,Current,43312.81,02-10-2023,Inactive
471,630,Current,275280.8,13-08-2023,Active
472,77,Loan,637875.03,24-01-2025,Inactive
473,526,Loan,679731.2,29-11-2020,Active
474,147,Loan,678410.78,14-04-2024,Inactive
475,36,Savings,68166.13,18-12-2021,Inactive
476,371,Current,949517.64,09-11-2022,Active
477,620,Savings,679382.99,01-08-2024,Inactive
478,381,Current,763321.39,01-07-2023,Active
479,543,Current,398636.01,19-07-2023,Inactive
480,256,Savings,26887.43,09-08-2023,Active
481,512,Loan,387600.39,31-12-2021,Active
482,269,Current,704333.77,21-04-2024,Active
483,627,Current,694286.66,11-08-2024,Inactive
484,205,Savings,136592.69,27-11-2021,Active
485,463,Savings,898780.35,09-03-2021,Inactive
486,90,Loan,967593.68,13-10-2022,Inactive
487,684,Current,709830.95,03-03-2024,Inactive
488,913,Current,851510.69,30-09-2024,Active
489,813,Current,509246.99,19-03-2021,Active
490,206,Savings,237499.45,13-12-2021,Inactive
491,27,Current,554467.42,04-08-2024,Inactive
492,479,Loan,130641.46,25-05-2023,Active
493,68,Current,398761.82,07-09-2021,Inactive
494,539,Current,769395.39,15-10-2020,Active
495,129,Current,642696.25,15-10-2020,Inactive
496,478,Loan,517842.65,03-10-2023,Active
497,900,Loan,640154.14,09-06-2024,Active
498,787,Savings,433185.67,27-05-2025,Active
499,852,Savings,518584.03,14-11-2024,Inactive
500,169,Savings,323338.09,29-01-2021,Active
501,355,Loan,895030.99,08-05-2024,Active
502,257,Savings,635422.03,26-08-2025,Inactive
503,129,Loan,303521.78,30-09-2020,Active
504,515,Loan,169467.27,10-06-2023,Active
505,176,Loan,624854.71,28-08-2024,Inactive
506,863,Loan,42153.11,16-05-2021,Active
507,84,Savings,948598.31,30-04-2021,Inactive
508,667,Savings,767192.04,28-03-2022,Inactive
509,633,Loan,31255.61,07-06-2021,Inactive
510,658,Current,483461.87,03-03-2025,Inactive
511,305,Current,73900.05,02-07-2021,Active
512,162,Current,416206.12,26-12-2023,Inactive
513,209,Current,607053.6,01-08-2024,Inactive
514,883,Loan,319997.08,13-06-2022,Inactive
515,999,Current,131635.39,04-04-2022,Inactive
516,528,Loan,107077.75,10-10-2022,Active
517,478,Savings,268204.2,30-10-2023,Active
518,145,Savings,51554.69,27-04-2022,Inactive
519,885,Loan,418716.61,11-08-2025,Active
520,834,Current,933817.78,05-09-2022,Inactive
521,195,Savings,498767.28,10-09-2022,Inactive
522,511,Current,497872.9,12-11-2020,Active
523,968,Current,505939.02,17-11-2023,Active
524,221,Loan,353542.19,17-01-2023,Active
525,289,Current,597921.25,25-03-2025,Inactive
526,293,Loan,9169.23,14-02-2023,Active
527,442,Savings,882573.28,06-09-2025,Inactive
528,783,Current,366571.42,12-06-2023,Inactive
529,53,Loan,562255.05,03-06-2021,Inactive
530,567,Current,74458.22,14-04-2024,Inactive
531,783,Loan,280440.96,16-07-2023,Active
532,132,Savings,394509.81,30-09-2024,Inactive
533,572,Current,755210.21,15-03-2021,Active
534,617,Loan,401985.7,27-06-2024,Active
535,47,Savings,137899.34,03-09-2025,Inactive
536,824,Current,519813.38,02-04-2023,Active
537,621,Loan,140641.2,30-04-2022,Inactive
538,167,Current,990625.12,17-12-2021,Inactive
539,608,Current,507807.67,24-08-2021,Inactive
540,726,Loan,300490.77,20-03-2025,Active
541,378,Current,674132.59,28-08-2022,Inactive
542,598,Current,796958.06,30-12-2020,Active
543,612,Current,266264.91,25-12-2021,Active
544,739,Savings,583939.75,13-01-2023,Active
545,537,Loan,721461.65,24-03-2022,Inactive
546,152,Loan,242954.36,04-02-2024,Active
547,196,Savings,441597.53,24-12-2022,Inactive
548,156,Current,690809.76,25-03-2024,Inactive
549,514,Loan,920600.43,21-03-2025,Active
550,723,Savings,519164.53,27-07-2023,Inactive
551,679,Current,525951.67,17-07-2023,Inactive
552,980,Savings,460203.87,30-08-2021,Inactive
553,560,Current,676192.71,08-08-2025,Inactive
554,625,Current,193071.9,07-12-2020,Active
555,286,Loan,299200.66,09-12-2021,Inactive
556,790,Current,705196.04,07-01-2021,Inactive
557,325,Current,349454.37,26-04-2023,Inactive
558,295,Savings,573903.33,23-04-2021,Inactive
559,918,Current,818559.08,11-04-2021,Active
560,298,Savings,288342.71,22-06-2023,Active
561,355,Current,656316.08,26-04-2023,Inactive
562,220,Savings,828123.75,10-05-2025,Inactive
563,956,Loan,696475.13,06-01-2025,Active
564,112,Loan,741150.09,01-01-2021,Active
565,249,Savings,670164.13,31-05-2023,Active
566,654,Savings,53438.62,25-07-2021,Inactive
567,339,Loan,472931.5,24-02-2021,Active
568,6,Loan,977932.8,10-08-2022,Active
569,417,Loan,935097.07,06-05-2022,Inactive
570,489,Loan,200256.52,22-02-2023,Inactive
571,329,Current,646252.02,20-01-2024,Active
572,668,Loan,232987.98,31-10-2023,Active
573,936,Savings,418467.1,31-10-2022,Active
574,957,Savings,997174.63,19-08-2022,Inactive
575,807,Current,187125.32,08-04-2024,Inactive
576,898,Savings,10257.9,14-06-2022,Active
577,951,Current,285277.09,01-10-2022,Inactive
578,911,Savings,851208.68,12-10-2020,Inactive
579,280,Savings,809005.06,30-05-2023,Inactive
580,167,Loan,459455.56,28-10-2024,Inactive
581,736,Savings,15070.11,10-11-2023,Inactive
582,810,Current,568213.44,20-04-2023,Active
583,180,Loan,856290.36,16-05-2022,Inactive
584,847,Current,515765.38,07-09-2024,Active
585,411,Loan,96289.72,05-03-2021,Active
586,489,Current,935889.56,01-10-2020,Active
587,268,Current,236285.73,21-08-2025,Inactive
588,977,Current,302643.89,27-04-2025,Active
589,268,Loan,360192.54,14-02-2023,Active
590,64,Loan,119106.62,28-09-2021,Inactive
591,164,Current,686387.55,05-03-2024,Inactive
592,707,Savings,639072.61,19-12-2022,Inactive
593,377,Loan,221628.39,16-09-2022,Active
594,490,Savings,455523.69,23-07-2024,Inactive
595,426,Loan,549685.27,17-07-2024,Inactive
596,776,Loan,802193,02-01-2021,Active
597,781,Savings,680661.58,21-12-2021,Active
598,539,Current,528644.95,16-07-2021,Inactive
599,80,Loan,113096.58,28-08-2024,Active
600,587,Loan,150702.53,25-10-2020,Inactive
601,875,Loan,442398.71,07-01-2023,Active
602,735,Loan,489339.14,22-06-2024,Inactive
603,829,Savings,453978.87,01-04-2021,Inactive
604,468,Loan,58679.04,02-09-2021,Inactive
605,689,Current,723556.8,16-04-2022,Inactive
606,261,Savings,746058.68,17-08-2023,Active
607,47,Current,345184.34,02-03-2022,Active
608,555,Savings,934648.22,02-06-2025,Active
609,957,Current,32703.14,18-08-2022,Inactive
610,185,Savings,766061.86,13-07-2022,Inactive
611,384,Current,449088.6,14-07-2025,Inactive
612,385,Savings,683047.62,23-09-2024,Active
613,670,Current,119514.53,06-07-2021,Inactive
614,542,Savings,728130.28,18-07-2024,Active
615,855,Savings,756423.24,23-04-2025,Inactive
616,475,Loan,719374.88,28-11-2023,Inactive
617,545,Current,823537.08,18-12-2023,Active
618,472,Current,155966.25,24-03-2025,Active
619,960,Loan,765724.44,24-08-2021,Active
620,829,Loan,419821.36,02-08-2024,Active
621,247,Savings,68223.61,12-12-2023,Active
622,458,Loan,672351.61,03-07-2024,Active
623,251,Loan,45192.49,01-12-2023,Inactive
624,240,Loan,218051.94,14-01-2021,Active
625,144,Loan,993489.96,28-09-2023,Active
626,836,Loan,576534.23,12-07-2021,Inactive
627,243,Current,876382.06,03-12-2024,Active
628,424,Current,275878.77,27-09-2022,Active
629,642,Loan,427773.38,06-07-2025,Inactive
630,49,Current,941644.82,04-10-2022,Inactive
631,805,Loan,319415.72,25-12-2020,Inactive
632,419,Savings,300588.61,24-04-2021,Active
633,773,Loan,474045.3,18-03-2021,Active
634,308,Loan,145207.4,05-09-2023,Inactive
635,937,Savings,562823.56,25-10-2023,Inactive
636,571,Loan,134958.66,09-06-2021,Active
637,262,Savings,330932.73,11-12-2023,Active
638,945,Current,847286.25,22-05-2025,Active
639,549,Loan,829576.88,02-05-2022,Active
640,275,Current,673998.25,30-10-2022,Active
641,895,Savings,188975.13,08-05-2021,Active
642,491,Savings,869604.38,16-11-2024,Inactive
643,311,Savings,212595.96,12-07-2022,Active
644,986,Loan,118198.88,03-12-2023,Inactive
645,937,Savings,695930.66,04-03-2023,Active
646,407,Savings,552527.21,22-12-2024,Inactive
647,390,Current,534116.48,17-12-2020,Inactive
648,316,Current,360284.97,20-02-2025,Inactive
649,478,Savings,803013.81,01-12-2022,Inactive
650,780,Current,914416.17,11-04-2023,Inactive
651,321,Current,46669.73,03-02-2021,Active
652,760,Savings,17203.68,03-01-2024,Inactive
653,303,Savings,196995.59,15-09-2023,Active
654,389,Loan,833529.35,30-03-2023,Inactive
655,564,Loan,943521.08,29-09-2023,Inactive
656,264,Current,966541.76,29-12-2021,Inactive
657,472,Savings,733039.46,26-07-2023,Inactive
658,174,Savings,720593.22,31-07-2025,Inactive
659,189,Loan,990333.22,13-06-2022,Active
660,537,Savings,839229.43,11-11-2023,Active
661,968,Loan,49465.88,12-09-2024,Active
662,423,Savings,842702.17,27-11-2020,Active
663,70,Loan,151878.62,15-12-2024,Active
664,518,Current,373827.49,23-12-2023,Inactive
665,676,Current,16716.04,11-11-2023,Inactive
666,13,Savings,529888.23,12-10-2020,Inactive
667,549,Current,18125.46,18-08-2025,Inactive
668,826,Savings,107909.41,11-12-2022,Active
669,537,Savings,241727.86,22-01-2024,Inactive
670,835,Current,268057.41,04-04-2022,Inactive
671,81,Current,959338.5,30-10-2020,Inactive
672,579,Savings,990242.8,18-09-2024,Active
673,308,Loan,828234.02,20-04-2025,Active
674,670,Loan,759826.26,14-06-2023,Active
675,416,Current,377792.4,05-05-2024,Inactive
676,58,Loan,10440.72,23-12-2021,Active
677,85,Current,845484.46,11-04-2022,Inactive
678,580,Savings,894896.42,21-07-2024,Active
679,236,Savings,901371.69,31-08-2021,Inactive
680,278,Savings,924235.11,01-09-2025,Inactive
681,921,Loan,563946.35,01-02-2022,Active
682,184,Current,16642.44,20-03-2024,Active
683,602,Savings,752502.22,11-12-2020,Inactive
684,952,Savings,299977.61,26-10-2021,Active
685,581,Current,677357.93,26-12-2023,Inactive
686,394,Loan,140810.64,11-04-2021,Active
687,513,Loan,974349,03-10-2021,Active
688,101,Current,232911.86,01-07-2025,Active
689,349,Loan,769236.65,07-06-2024,Inactive
690,993,Current,30596.03,31-01-2025,Inactive
691,803,Current,491112.85,23-11-2020,Inactive
692,567,Current,432416.1,22-09-2021,Inactive
693,88,Loan,296084.1,12-12-2020,Active
694,731,Savings,82955.97,07-08-2022,Active
695,390,Loan,784106.39,07-06-2024,Active
696,758,Current,317361.55,02-10-2020,Active
697,94,Savings,943017.27,21-09-2025,Inactive
698,369,Current,103129.18,21-04-2021,Active
699,192,Current,449394.83,03-02-2023,Inactive
700,106,Savings,90529.22,03-08-2025,Active
701,612,Loan,784654.29,02-10-2020,Inactive
702,13,Current,414396.26,14-06-2025,Active
703,743,Loan,905302.37,18-04-2021,Active
704,586,Loan,170413.34,13-09-2024,Inactive
705,174,Savings,269650.04,21-02-2021,Inactive
706,505,Savings,64203.88,21-02-2021,Inactive
707,283,Current,300452.5,24-05-2022,Active
708,370,Current,944278.07,18-11-2021,Inactive
709,609,Loan,196352.68,22-12-2024,Active
710,139,Current,7760.6,07-03-2024,Inactive
711,341,Loan,380510.07,26-02-2022,Inactive
712,451,Current,431185.6,18-03-2025,Active
713,308,Current,603608.06,05-12-2020,Active
714,491,Current,178459.63,29-08-2023,Inactive
715,992,Current,292156.7,07-03-2025,Inactive
716,991,Loan,782192.4,26-08-2024,Inactive
717,386,Current,816678.02,05-09-2024,Inactive
718,374,Savings,932135.09,25-11-2024,Active
719,607,Loan,180747.29,10-12-2024,Active
720,976,Loan,462160.6,23-02-2021,Active
721,449,Current,831450.53,11-06-2021,Active
722,839,Current,673304.67,01-02-2023,Active
723,649,Current,242779.15,03-09-2024,Active
724,733,Current,789287.69,12-11-2021,Active
725,460,Loan,479755.47,03-01-2024,Inactive
726,548,Loan,923572.26,12-01-2025,Inactive
727,557,Savings,790930.2,29-10-2021,Inactive
728,719,Loan,594226.12,31-07-2021,Active
729,112,Savings,657944.04,14-08-2021,Inactive
730,171,Loan,613065.22,07-07-2025,Inactive
731,991,Current,965751.06,01-08-2023,Inactive
732,109,Savings,99507.95,10-05-2024,Active
733,523,Loan,519278.97,20-02-2024,Active
734,457,Current,391743.03,30-04-2023,Active
735,354,Savings,483288.31,01-06-2024,Inactive
736,426,Savings,116953.27,18-12-2020,Active
737,357,Current,343723.61,25-11-2024,Active
738,534,Current,348952,19-07-2024,Active
739,449,Loan,697066.5,12-06-2022,Inactive
740,69,Current,45638.37,06-06-2023,Active
741,24,Current,648321.95,21-10-2023,Active
742,953,Loan,244669.03,17-01-2024,Active
743,566,Savings,331658.67,06-07-2025,Inactive
744,982,Current,232623.69,05-09-2021,Inactive
745,645,Savings,187200.54,23-02-2022,Inactive
746,406,Savings,737650.98,29-12-2021,Active
747,461,Loan,430123.29,14-01-2021,Active
748,722,Savings,206578.69,27-09-2023,Active
749,592,Savings,799702.85,30-09-2021,Active
750,375,Current,197877.2,19-06-2022,Active
751,269,Loan,862773.91,10-11-2023,Inactive
752,612,Current,611697.11,20-02-2024,Active
753,357,Current,845672.28,08-10-2022,Active
754,834,Loan,706282.37,25-07-2025,Inactive
755,941,Loan,590578.2,19-08-2024,Active
756,321,Savings,239334.15,16-02-2023,Active
757,188,Current,693743.11,28-03-2025,Inactive
758,429,Loan,138729.43,18-03-2022,Inactive
759,434,Savings,487183.55,19-09-2023,Active
760,569,Savings,490152.38,08-02-2021,Active
761,192,Current,842143.23,20-02-2021,Active
762,887,Current,951890.11,10-12-2024,Inactive
763,140,Savings,815400.72,05-10-2023,Inactive
764,419,Loan,492234.15,16-08-2021,Inactive
765,501,Savings,83587.96,02-05-2024,Active
766,815,Savings,292797.82,11-09-2024,Inactive
767,231,Loan,289381.64,26-12-2022,Inactive
768,580,Loan,772775.09,10-03-2025,Inactive
769,563,Loan,114097.78,06-04-2024,Active
770,275,Loan,823459.53,30-09-2024,Inactive
771,556,Savings,760244.13,02-05-2022,Inactive
772,560,Savings,989785.95,25-10-2023,Active
773,754,Loan,751594.15,30-04-2025,Inactive
774,896,Savings,450282.61,01-10-2021,Inactive
775,883,Savings,439630.83,30-05-2025,Active
776,795,Savings,210668.29,02-11-2021,Inactive
777,882,Loan,610651.54,08-09-2021,Inactive
778,170,Loan,140095.73,22-11-2024,Active
779,834,Savings,805635.05,12-12-2024,Inactive
780,546,Current,597260.83,15-12-2022,Active
781,332,Loan,293342.06,22-01-2025,Inactive
782,976,Loan,985502.81,18-07-2024,Active
783,139,Current,918849.94,15-02-2023,Inactive
784,888,Loan,127761.28,20-12-2024,Active
785,256,Savings,711683.45,24-07-2024,Active
786,780,Loan,393308.05,03-10-2022,Active
787,592,Loan,269448.43,27-11-2023,Inactive
788,385,Current,76440.76,23-07-2023,Active
789,413,Loan,750052.58,27-05-2025,Inactive
790,466,Current,327961.99,03-05-2023,Active
791,890,Loan,94048.52,25-07-2022,Inactive
792,651,Loan,697591.69,17-04-2025,Active
793,815,Loan,398318.15,22-09-2022,Inactive
794,845,Savings,495220.23,24-11-2023,Inactive
795,849,Current,338417.4,06-01-2024,Active
796,580,Current,788515.35,24-08-2025,Active
797,48,Savings,626553.34,20-09-2024,Inactive
798,17,Savings,929503.44,12-10-2021,Active
799,452,Current,1675.26,27-03-2022,Inactive
800,208,Loan,909497.81,16-09-2023,Inactive
801,163,Current,94246.64,15-12-2021,Inactive
802,257,Savings,372471.92,12-01-2021,Active
803,54,Current,625978.67,29-05-2021,Active
804,440,Loan,92107.99,05-06-2022,Active
805,2,Savings,477329.9,01-04-2021,Active
806,608,Savings,519924.81,16-12-2023,Inactive
807,10,Savings,695901.51,20-11-2022,Active
808,881,Current,694336.97,06-05-2024,Inactive
809,73,Savings,383686.86,22-08-2025,Active
810,106,Current,368194.13,09-10-2021,Inactive
811,141,Current,773687.02,28-12-2021,Active
812,657,Loan,143710.21,21-12-2023,Active
813,625,Loan,164952.43,25-11-2024,Inactive
814,740,Savings,628451.96,04-09-2021,Active
815,942,Current,616459.94,20-08-2025,Inactive
816,881,Savings,87601.35,25-06-2021,Active
817,144,Savings,589984.34,24-07-2025,Inactive
818,360,Current,315189.16,19-04-2024,Active
819,254,Current,644975.95,14-09-2025,Active
820,567,Loan,600407.86,14-08-2025,Inactive
821,798,Loan,27797.58,02-05-2022,Inactive
822,211,Loan,607319.94,08-07-2022,Active
823,766,Current,296246.51,14-11-2023,Active
824,803,Savings,495392.83,04-10-2022,Active
825,247,Current,638444.25,16-01-2021,Active
826,541,Savings,986895.65,15-07-2022,Inactive
827,136,Current,860953.19,17-05-2021,Inactive
828,375,Loan,683259.11,24-10-2022,Inactive
829,978,Savings,17672.71,12-06-2025,Active
830,15,Current,216527.2,17-10-2024,Active
831,972,Current,507103.99,17-06-2025,Inactive
832,434,Loan,402875.13,27-07-2022,Active
833,285,Savings,310596.98,23-01-2021,Active
834,998,Savings,536853.78,16-06-2023,Inactive
835,601,Loan,763460.91,26-01-2024,Active
836,318,Loan,438048.56,27-03-2025,Active
837,60,Savings,87126.59,07-11-2021,Inactive
838,119,Current,612684.5,09-02-2025,Active
839,317,Loan,741951.82,14-10-2024,Active
840,123,Savings,708192.71,27-11-2023,Active
841,168,Current,953063.19,13-09-2022,Inactive
842,171,Current,127803.68,23-09-2022,Inactive
843,751,Savings,771658.86,12-07-2023,Active
844,344,Current,272708.61,18-07-2023,Active
845,270,Loan,975075.54,28-03-2022,Active
846,509,Current,511271.1,29-04-2024,Active
847,512,Loan,167714.51,09-03-2022,Active
848,262,Savings,894374.15,06-03-2021,Active
849,234,Loan,509316.06,17-11-2021,Active
850,880,Savings,245306.9,29-01-2023,Inactive
851,373,Current,920306.32,24-05-2025,Active
852,954,Savings,553311.92,25-11-2024,Inactive
853,230,Current,249014.92,18-11-2022,Inactive
854,278,Savings,571964.43,22-10-2024,Active
855,515,Loan,902039.07,05-01-2025,Active
856,229,Loan,981432.45,11-10-2021,Inactive
857,71,Current,866166.2,10-09-2021,Inactive
858,336,Savings,553538.3,23-04-2022,Active
859,378,Savings,292303.5,23-06-2025,Inactive
860,758,Loan,243341.41,24-01-2022,Inactive
861,606,Current,997789.33,26-02-2024,Active
862,751,Loan,760721.74,26-05-2022,Active
863,155,Savings,932465.14,13-03-2023,Active
864,239,Loan,347077.27,10-11-2023,Active
865,974,Current,2460.58,06-10-2021,Inactive
866,870,Loan,727487.82,27-07-2024,Active
867,211,Loan,983132.63,08-09-2022,Inactive
868,504,Savings,972586.68,30-07-2025,Active
869,729,Current,93933.61,17-02-2022,Active
870,919,Loan,413643.75,23-10-2021,Inactive
871,470,Loan,85817.52,23-11-2021,Active
872,518,Savings,637578.46,25-08-2025,Inactive
873,77,Loan,568252.91,09-08-2022,Inactive
874,679,Savings,237534.96,05-06-2021,Inactive
875,872,Current,926115.91,21-06-2024,Inactive
876,718,Loan,326925.32,21-08-2024,Inactive
877,279,Savings,75612.75,25-01-2025,Active
878,140,Loan,109863.86,24-05-2024,Active
879,169,Current,466589.06,31-07-2023,Inactive
880,124,Loan,358929.16,17-10-2020,Active
881,463,Current,463883.25,20-10-2022,Active
882,93,Savings,807789.31,21-07-2025,Inactive
883,847,Loan,697181.11,30-01-2023,Active
884,221,Current,149175.47,18-06-2024,Active
885,992,Current,396848.22,26-11-2023,Active
886,694,Current,260906.63,13-03-2021,Active
887,32,Current,854746.7,01-06-2023,Active
888,97,Current,102805.44,30-06-2023,Active
889,125,Savings,62607.52,29-10-2024,Active
890,134,Savings,823849.74,07-12-2024,Inactive
891,703,Loan,937637.32,30-10-2024,Active
892,597,Loan,259561.83,05-07-2025,Active
893,23,Savings,198552.59,25-05-2021,Inactive
894,829,Savings,92886.66,17-08-2024,Inactive
895,126,Savings,942338.38,14-04-2023,Active
896,173,Loan,433723.22,17-06-2022,Inactive
897,509,Savings,383346.71,10-05-2021,Inactive
898,177,Current,215501.39,17-10-2021,Active
899,282,Current,446565.42,16-04-2023,Active
900,36,Loan,619557.37,11-07-2022,Active
901,663,Current,499392.72,17-04-2023,Inactive
902,63,Savings,280496.21,10-06-2023,Active
903,430,Savings,643009.87,25-06-2022,Active
904,646,Loan,795051.4,13-09-2023,Inactive
905,801,Loan,359753,31-10-2022,Inactive
906,353,Loan,502890.86,01-01-2025,Inactive
907,277,Savings,27036.9,17-05-2021,Active
908,31,Current,59532.64,23-04-2021,Inactive
909,543,Current,767075.33,15-07-2023,Active
910,998,Savings,101034.2,07-12-2024,Active
911,273,Loan,816468.88,19-09-2023,Active
912,783,Savings,576116.42,29-12-2020,Inactive
913,364,Savings,176924.27,21-09-2025,Inactive
914,826,Loan,697928.94,03-12-2021,Active
915,721,Loan,352330.47,19-08-2024,Active
916,577,Savings,836860.14,25-01-2022,Inactive
917,556,Current,176381.21,24-02-2021,Active
918,93,Savings,233390.73,14-01-2023,Active
919,21,Loan,478511,09-02-2025,Inactive
920,940,Loan,202262.92,07-01-2021,Active
921,349,Loan,178282.41,29-04-2022,Inactive
922,61,Savings,148564.31,18-12-2023,Active
923,793,Savings,846634.41,25-11-2023,Inactive
924,984,Savings,374217.19,23-07-2024,Inactive
925,601,Savings,337224.51,21-09-2023,Inactive
926,140,Savings,732619.67,11-04-2024,Inactive
927,811,Loan,960701.44,24-04-2022,Inactive
928,179,Loan,968774.15,28-11-2022,Inactive
929,229,Loan,589361.21,27-05-2022,Active
930,388,Current,734260.98,03-06-2022,Inactive
931,131,Savings,729102.12,18-08-2025,Inactive
932,872,Loan,33350.36,30-07-2021,Inactive
933,944,Loan,221674.36,09-03-2024,Active
934,960,Current,141502.72,13-04-2025,Active
935,244,Current,982397.28,09-12-2023,Active
936,652,Savings,821840.14,23-08-2024,Inactive
937,458,Savings,265947.23,06-10-2020,Active
938,710,Savings,351130.68,26-02-2025,Active
939,738,Savings,49099.31,17-04-2025,Inactive
940,751,Current,969132.72,29-05-2023,Inactive
941,505,Current,351879.94,27-06-2023,Inactive
942,104,Current,788941.26,12-11-2020,Active
943,167,Current,74635.68,15-02-2024,Active
944,302,Savings,319398.19,06-08-2025,Active
945,76,Current,170935.1,15-01-2023,Inactive
946,165,Loan,75927.42,30-08-2022,Active
947,347,Loan,985290.82,26-08-2025,Inactive
948,722,Savings,431892.01,16-01-2023,Active
949,622,Current,157946.67,27-12-2022,Active
950,340,Savings,974424.02,17-08-2021,Inactive
951,714,Loan,722316.07,28-03-2021,Inactive
952,677,Current,298103.25,19-04-2021,Active
953,51,Current,572198.04,09-11-2020,Inactive
954,158,Savings,361468.09,11-04-2023,Inactive
955,90,Current,824073.41,19-12-2021,Inactive
956,205,Savings,26709.96,12-11-2024,Active
957,654,Current,977080.64,03-10-2024,Inactive
958,865,Savings,309045.05,10-12-2022,Inactive
959,483,Current,894982.61,14-05-2022,Inactive
960,94,Loan,544581.9,10-09-2023,Active
961,380,Current,370032.26,03-02-2023,Inactive
962,46,Current,440300.68,12-09-2025,Inactive
963,232,Current,564682.34,01-01-2022,Active
964,771,Loan,667800.99,13-09-2021,Active
965,685,Current,808371.98,26-09-2020,Inactive
966,995,Loan,228285.25,19-08-2021,Active
967,861,Current,818586.81,09-03-2025,Inactive
968,989,Loan,687380.86,30-04-2021,Inactive
969,587,Savings,476786.02,07-01-2025,Active
970,405,Loan,35693.77,14-05-2025,Active
971,124,Current,173706.09,05-04-2024,Active
972,996,Savings,808652.26,10-09-2021,Active
973,44,Current,79290.15,19-07-2022,Inactive
974,207,Loan,148730.37,18-01-2022,Inactive
975,328,Loan,914259.76,17-09-2025,Active
976,90,Current,556807.84,24-10-2022,Inactive
977,878,Current,520168.49,14-11-2023,Active
978,806,Loan,623434.87,15-07-2024,Inactive
979,116,Current,150492.68,16-06-2023,Active
980,948,Savings,563121.08,06-07-2022,Active
981,805,Current,867607.79,22-03-2025,Inactive
982,899,Current,264872.49,02-05-2023,Inactive
983,586,Loan,473573.57,01-01-2025,Active
984,283,Current,144708.82,20-05-2021,Inactive
985,40,Current,889684.64,01-08-2021,Inactive
986,708,Savings,50241.68,25-06-2021,Inactive
987,943,Current,897134.33,28-06-2023,Active
988,346,Current,311638.35,21-12-2024,Inactive
989,879,Loan,685167.18,16-01-2021,Active
990,138,Current,974245.21,01-05-2022,Inactive
991,793,Current,270150.56,10-04-2023,Inactive
992,620,Loan,90197.56,15-08-2024,Inactive
993,217,Current,741203.85,13-11-2023,Inactive
994,841,Savings,515754.43,03-02-2024,Active
995,68,Current,709859.83,06-03-2021,Inactive
996,139,Loan,879453.26,06-07-2021,Active
997,178,Savings,875305.38,25-03-2024,Active
998,858,Savings,250240.77,28-02-2023,Inactive
999,52,Current,704929.31,05-02-2022,Inactive
1000,378,Current,505621.25,30-12-2023,Active
1001,698,Savings,242696.16,27-04-2022,Inactive
1002,609,Current,178406.11,17-04-2023,Inactive
1003,601,Loan,350410.14,27-07-2023,Active
1004,858,Current,749212.17,23-06-2023,Active
1005,292,Savings,387179.11,20-02-2023,Active
1006,875,Loan,780050.31,07-04-2024,Active
1007,878,Savings,647732.51,09-02-2022,Active
1008,276,Loan,410097.69,02-10-2020,Active
1009,886,Loan,9889.09,28-03-2022,Active
1010,663,Savings,601540.81,10-10-2021,Active
1011,230,Current,608735.54,08-09-2022,Inactive
1012,730,Loan,643097.57,19-08-2023,Inactive
1013,917,Current,851734.59,09-11-2022,Inactive
1014,259,Savings,467231.32,14-01-2024,Inactive
1015,599,Savings,8340.23,02-03-2022,Inactive
1016,575,Loan,594178.77,13-12-2021,Inactive
1017,306,Loan,108996.43,07-11-2022,Active
1018,345,Current,640954.15,27-07-2025,Inactive
1019,268,Loan,711382.68,22-02-2023,Inactive
1020,193,Savings,517776.29,04-10-2020,Active
1021,922,Savings,805624.39,22-11-2024,Inactive
1022,677,Current,681074.99,07-06-2021,Active
1023,672,Current,997471.63,05-07-2024,Inactive
1024,929,Current,405194.3,26-10-2022,Active
1025,598,Loan,994758.98,27-03-2023,Active
1026,352,Loan,713655.92,03-09-2022,Inactive
1027,929,Loan,359138.63,28-01-2023,Inactive
1028,866,Savings,840798.06,31-12-2023,Active
1029,301,Savings,471310.09,26-12-2023,Inactive
1030,743,Loan,763155.3,02-04-2021,Active
1031,970,Loan,899691.57,15-08-2023,Active
1032,228,Current,224104.6,06-12-2022,Inactive
1033,431,Current,372310.75,28-09-2024,Inactive
1034,475,Savings,471066.03,23-02-2021,Active
1035,484,Savings,500976.9,26-02-2021,Inactive
1036,543,Current,413694.15,09-04-2024,Active
1037,141,Savings,343327.22,26-02-2021,Inactive
1038,147,Current,862531.55,07-11-2022,Active
1039,798,Savings,488093.26,31-07-2025,Active
1040,321,Loan,58955.57,12-03-2025,Inactive
1041,281,Savings,761432.09,19-05-2021,Active
1042,591,Savings,490087.51,28-02-2021,Active
1043,133,Loan,434277.7,24-06-2024,Inactive
1044,414,Current,965362.51,23-08-2025,Inactive
1045,5,Savings,534248.82,07-10-2023,Inactive
1046,973,Savings,892114.39,24-08-2021,Active
1047,19,Loan,5119.71,20-01-2024,Active
1048,232,Loan,877108.15,04-05-2022,Inactive
1049,133,Savings,384166.93,05-08-2023,Inactive
1050,172,Savings,824019.99,10-11-2021,Inactive
1051,972,Current,456470.39,11-05-2021,Inactive
1052,445,Loan,995476.94,08-12-2022,Inactive
1053,924,Current,359891.64,14-06-2021,Active
1054,169,Current,20105.61,26-03-2022,Active
1055,745,Savings,211979.04,23-09-2020,Active
1056,604,Loan,169815.76,05-03-2022,Inactive
1057,729,Loan,792335.03,18-02-2022,Inactive
1058,898,Loan,256533.38,15-03-2023,Active
1059,609,Savings,662307.95,19-08-2021,Active
1060,50,Loan,116674.04,14-11-2024,Inactive
1061,390,Savings,547735.1,07-08-2023,Inactive
1062,719,Savings,206289.42,14-02-2024,Active
1063,309,Current,662002.91,19-04-2021,Inactive
1064,638,Loan,701025.62,25-12-2023,Inactive
1065,851,Savings,512073.2,06-02-2025,Active
1066,290,Savings,784975.31,29-01-2021,Inactive
1067,204,Loan,200549.64,06-08-2023,Inactive
1068,852,Loan,973146.6,07-06-2024,Inactive
1069,721,Current,296055.85,17-11-2022,Active
1070,562,Current,910446.27,15-06-2021,Inactive
1071,339,Savings,3735.26,22-03-2025,Active
1072,929,Savings,835396.93,01-08-2023,Inactive
1073,153,Savings,779746.7,08-01-2023,Active
1074,741,Loan,102189.19,05-10-2021,Inactive
1075,660,Savings,457294.48,10-05-2022,Inactive
1076,271,Current,51030.12,01-08-2022,Active
1077,896,Savings,852396.44,27-05-2022,Inactive
1078,821,Loan,313394.4,03-06-2024,Active
1079,98,Savings,10662.66,23-01-2024,Active
1080,680,Loan,171341.76,14-10-2023,Inactive
1081,916,Current,955134.07,30-10-2020,Inactive
1082,900,Loan,93858.36,02-12-2021,Inactive
1083,188,Savings,401376.74,17-02-2025,Inactive
1084,279,Current,690212.53,16-08-2023,Inactive
1085,820,Current,649197.64,19-04-2021,Active
1086,116,Savings,696473.7,10-07-2023,Active
1087,966,Savings,104609.39,23-05-2024,Inactive
1088,822,Loan,678714.74,11-06-2023,Active
1089,626,Current,779385.13,02-06-2025,Active
1090,884,Loan,880070.3,19-09-2021,Active
1091,495,Current,113824.54,17-06-2024,Inactive
1092,452,Savings,64272.71,26-07-2021,Inactive
1093,13,Loan,868463.94,25-11-2023,Active
1094,979,Loan,873270.42,01-10-2024,Active
1095,444,Loan,726925.32,24-05-2025,Inactive
1096,355,Loan,676619.27,05-03-2022,Inactive
1097,153,Loan,892169.82,15-07-2025,Active
1098,12,Loan,934437.05,25-03-2021,Inactive
1099,873,Current,869546.22,11-07-2023,Active
1100,770,Current,321313.18,28-03-2022,Inactive
1101,994,Current,51300.36,24-04-2023,Active
1102,564,Loan,379258.95,29-03-2022,Active
1103,81,Current,444744.69,04-03-2022,Inactive
1104,91,Current,447621.05,15-06-2021,Active
1105,510,Loan,653719.63,13-09-2025,Active
1106,414,Current,36796.1,17-09-2021,Active
1107,846,Savings,791991.5,06-08-2021,Inactive
1108,912,Loan,562770.24,18-02-2023,Inactive
1109,974,Current,363979.14,01-02-2022,Active
1110,837,Savings,844473.12,30-07-2025,Inactive
1111,574,Loan,600351.2,06-09-2025,Inactive
1112,734,Current,114909.33,09-01-2023,Active
1113,3,Current,355783.84,04-01-2025,Inactive
1114,561,Loan,374516.47,07-09-2021,Active
1115,47,Savings,492929.72,12-03-2023,Inactive
1116,110,Current,611240.91,30-08-2021,Active
1117,124,Current,216373.91,22-02-2023,Active
1118,734,Current,108657.98,13-10-2020,Inactive
1119,48,Loan,837628.77,10-06-2021,Active
1120,791,Current,457930.49,26-07-2022,Active
1121,987,Current,5333.29,02-02-2025,Active
1122,567,Current,838977.29,21-10-2023,Inactive
1123,947,Loan,781300.42,06-02-2024,Active
1124,709,Loan,174476.62,20-08-2025,Active
1125,107,Current,657864.29,01-09-2025,Inactive
1126,517,Current,419246.08,03-05-2022,Active
1127,281,Current,963629.94,30-08-2025,Inactive
1128,464,Savings,139041.83,02-10-2021,Inactive
1129,864,Loan,548258.17,22-02-2023,Inactive
1130,729,Loan,935576.57,27-02-2022,Active
1131,206,Savings,624543.42,25-03-2024,Inactive
1132,704,Current,921270.57,17-06-2023,Active
1133,728,Loan,975204.31,12-01-2022,Active
1134,516,Loan,694617.66,09-10-2020,Inactive
1135,728,Savings,761014.25,02-10-2021,Inactive
1136,597,Loan,942730.98,08-02-2022,Inactive
1137,691,Loan,893972.14,25-12-2020,Inactive
1138,899,Current,808496.47,23-08-2021,Active
1139,26,Current,146181.38,21-07-2024,Active
1140,205,Current,750434.83,18-04-2023,Active
1141,294,Loan,251310.45,02-02-2021,Active
1142,708,Current,204796.9,07-01-2022,Active
1143,368,Current,103377.53,01-03-2021,Active
1144,761,Loan,561709.28,11-01-2025,Active
1145,524,Loan,288351.02,20-04-2023,Active
1146,949,Current,388167.09,04-05-2023,Inactive
1147,990,Loan,54748.39,07-06-2024,Inactive
1148,208,Loan,868981.11,02-01-2025,Inactive
1149,850,Savings,911574.89,03-02-2025,Inactive
1150,774,Loan,547068.52,25-02-2025,Active
1151,795,Loan,964325.53,19-01-2024,Inactive
1152,460,Savings,983469.87,26-02-2024,Active
1153,192,Savings,735344.41,27-10-2023,Active
1154,387,Savings,429079.31,03-04-2023,Inactive
1155,134,Savings,584402.07,08-05-2025,Inactive
1156,6,Current,466865.01,10-05-2021,Active
1157,41,Savings,928699.61,04-05-2025,Active
1158,793,Loan,615993.07,22-12-2021,Inactive
1159,503,Loan,550610.02,31-08-2024,Active
1160,803,Loan,318541.15,24-04-2022,Active
1161,980,Savings,521085.68,14-10-2021,Active
1162,426,Loan,537498.92,30-10-2022,Active
1163,358,Savings,883513.34,02-01-2024,Inactive
1164,340,Current,294280.78,12-08-2024,Inactive
1165,575,Loan,9794.89,04-07-2023,Inactive
1166,457,Savings,904591.96,04-08-2021,Active
1167,982,Savings,682868.81,07-04-2024,Inactive
1168,391,Savings,386490.06,19-05-2023,Inactive
1169,26,Loan,822286.96,18-01-2023,Inactive
1170,527,Loan,446111.34,18-08-2025,Active
1171,304,Loan,193319.88,11-10-2021,Active
1172,971,Savings,168227.41,23-05-2023,Active
1173,642,Savings,211570.69,09-05-2022,Active
1174,886,Loan,424785.24,30-12-2021,Active
1175,211,Loan,828919.92,10-09-2021,Inactive
1176,663,Savings,747143.93,27-06-2025,Active
1177,25,Current,717151.42,10-12-2020,Active
1178,90,Savings,55213.8,14-07-2021,Inactive
1179,572,Savings,575387.33,24-07-2021,Active
1180,933,Current,408225.15,07-05-2022,Inactive
1181,646,Current,433592.01,01-04-2021,Active
1182,399,Loan,119187.46,15-02-2025,Active
1183,657,Loan,618731.01,27-05-2023,Active
1184,718,Savings,358342.44,22-11-2021,Active
1185,297,Loan,302049.36,30-07-2022,Active
1186,289,Current,382032.16,05-08-2021,Active
1187,486,Savings,533934.3,13-10-2023,Active
1188,765,Current,796973.67,24-02-2024,Inactive
1189,984,Loan,144931.46,06-04-2025,Inactive
1190,981,Savings,553970.66,06-03-2022,Active
1191,127,Savings,6024.81,24-09-2022,Inactive
1192,551,Loan,947032.41,11-03-2023,Inactive
1193,216,Loan,741689.05,13-04-2022,Inactive
1194,217,Current,905722.4,06-05-2025,Active
1195,165,Savings,221567.18,09-11-2022,Inactive
1196,199,Savings,182176.63,30-10-2020,Active
1197,872,Loan,461803.94,16-10-2021,Active
1198,298,Loan,68295.39,24-12-2021,Active
1199,203,Loan,581015.06,13-11-2022,Inactive
1200,366,Savings,671624.27,30-01-2024,Active
1201,103,Current,619896.26,17-03-2022,Active
1202,326,Current,451195.33,26-01-2024,Inactive
1203,711,Loan,153242.57,11-10-2024,Inactive
1204,828,Current,958700.26,02-06-2021,Active
1205,5,Current,246928.96,16-10-2022,Active
1206,730,Loan,641197.71,26-01-2022,Inactive
1207,861,Current,135171.53,23-10-2020,Inactive
1208,899,Current,463385.53,29-11-2021,Inactive
1209,794,Current,487484.41,22-05-2023,Active
1210,180,Loan,607021.04,29-10-2022,Inactive
1211,880,Savings,891405.74,17-11-2022,Active
1212,270,Loan,886449.5,28-01-2022,Active
1213,745,Savings,892213.08,13-10-2022,Active
1214,833,Loan,579321.89,17-04-2025,Active
1215,929,Savings,552042.4,01-05-2024,Inactive
1216,670,Savings,366452.81,23-06-2024,Active
1217,913,Loan,733493.6,22-01-2021,Inactive
1218,138,Current,501622.05,15-07-2024,Active
1219,407,Current,502665.1,03-10-2024,Active
1220,869,Loan,684477.5,31-12-2023,Active
1221,457,Savings,179966.04,23-12-2020,Active
1222,754,Loan,484019.91,16-05-2023,Inactive
1223,42,Savings,761710.91,14-11-2021,Active
1224,65,Current,370065.75,29-05-2022,Active
1225,685,Savings,518367.34,12-04-2025,Inactive
1226,398,Current,917984.04,03-12-2024,Active
1227,41,Loan,324747.04,09-05-2024,Inactive
1228,855,Loan,264052.75,01-02-2024,Active
1229,386,Loan,379140,20-09-2024,Active
1230,530,Current,376952.45,19-04-2023,Active
1231,529,Current,353545.11,01-03-2021,Inactive
1232,499,Current,887284.77,23-04-2025,Active
1233,514,Savings,440458.8,20-12-2024,Active
1234,79,Loan,643833.53,12-11-2024,Active
1235,154,Savings,158200,12-11-2021,Active
1236,677,Savings,415199.07,13-05-2021,Inactive
1237,738,Savings,482035.13,23-01-2021,Inactive
1238,491,Savings,591200.11,17-07-2024,Inactive
1239,23,Savings,44101.19,08-08-2023,Active
1240,138,Loan,513130.17,30-03-2022,Active
1241,58,Savings,259001.39,18-03-2023,Active
1242,530,Current,599758.17,01-03-2021,Active
1243,900,Loan,728246.34,24-11-2020,Inactive
1244,970,Savings,217376.82,11-10-2022,Inactive
1245,889,Current,171396.22,02-08-2022,Inactive
1246,616,Savings,794821.45,11-01-2021,Active
1247,639,Loan,511294.1,16-11-2023,Active
1248,742,Loan,343328.6,06-05-2021,Inactive
1249,611,Loan,69774.05,19-11-2020,Inactive
1250,395,Savings,109461.54,01-12-2024,Active
1251,536,Loan,684683.46,15-12-2021,Active
1252,621,Savings,178244.76,20-02-2023,Active
1253,899,Loan,503825.88,27-08-2024,Active
1254,96,Current,659733.22,23-11-2021,Active
1255,919,Loan,649582.5,28-08-2023,Inactive
1256,380,Savings,697945.16,29-01-2023,Inactive
1257,235,Current,789766.03,13-04-2022,Inactive
1258,359,Loan,804816.42,26-05-2024,Active
1259,436,Savings,255263.51,03-09-2023,Active
1260,932,Savings,283983.4,09-03-2023,Inactive
1261,264,Savings,6463.98,11-04-2021,Active
1262,592,Loan,118710.78,10-06-2024,Active
1263,385,Loan,206213.28,01-04-2025,Inactive
1264,419,Current,107476.63,28-06-2022,Inactive
1265,668,Loan,254379.09,28-03-2022,Inactive
1266,579,Current,612268.8,08-11-2024,Inactive
1267,774,Savings,413814.93,02-06-2024,Inactive
1268,184,Current,559534.74,18-09-2022,Inactive
1269,260,Current,578073.5,31-08-2025,Inactive
1270,754,Savings,855143.92,30-05-2025,Active
1271,766,Savings,447148.28,10-06-2023,Active
1272,103,Savings,508835.2,20-04-2022,Inactive
1273,821,Loan,614411.34,05-08-2022,Active
1274,165,Current,964605.68,14-06-2025,Active
1275,824,Savings,823432.21,09-08-2021,Inactive
1276,949,Loan,435942.06,31-05-2025,Active
1277,270,Savings,371464.29,01-03-2022,Active
1278,742,Current,930754.31,27-01-2025,Inactive
1279,629,Loan,521484.54,18-08-2025,Active
1280,969,Savings,640651.02,07-05-2022,Inactive
1281,11,Savings,850717.07,20-12-2023,Inactive
1282,200,Savings,784175.49,10-05-2022,Active
1283,630,Savings,674350.36,21-02-2022,Inactive
1284,245,Loan,1286.98,19-08-2024,Active
1285,89,Current,779893.21,25-05-2025,Inactive
1286,686,Current,406045.52,09-05-2024,Active
1287,531,Savings,737188.61,11-02-2025,Active
1288,942,Savings,550043.06,27-11-2020,Inactive
1289,356,Current,227069.22,16-10-2024,Active
1290,466,Current,575331.82,23-01-2021,Inactive
1291,180,Current,506731.86,21-01-2023,Active
1292,516,Current,340625.93,06-04-2022,Active
1293,823,Loan,956752.64,13-09-2022,Inactive
1294,711,Current,966089.4,21-09-2023,Inactive
1295,789,Savings,757715.81,10-08-2024,Inactive
1296,698,Current,896627.3,09-09-2022,Active
1297,494,Savings,258561.95,25-05-2021,Inactive
1298,649,Savings,677236.06,26-02-2025,Active
1299,820,Current,413013.55,06-11-2023,Inactive
1300,529,Loan,10713.47,25-08-2025,Inactive
1301,255,Current,93916.42,22-09-2022,Inactive
1302,78,Loan,931464.84,29-04-2021,Inactive
1303,322,Current,219347.57,30-05-2021,Inactive
1304,188,Loan,683424.2,08-05-2024,Active
1305,511,Loan,200466.87,24-08-2025,Active
1306,894,Current,207571.85,26-04-2022,Active
1307,855,Savings,836498.38,31-05-2021,Inactive
1308,160,Savings,120758.61,08-05-2022,Active
1309,693,Loan,493172.2,09-06-2023,Active
1310,783,Loan,958035.1,06-11-2022,Inactive
1311,381,Loan,316101.49,20-05-2023,Inactive
1312,503,Savings,984410.29,13-09-2024,Inactive
1313,408,Savings,750419.22,18-03-2021,Active
1314,56,Loan,799470.65,02-09-2023,Inactive
1315,963,Loan,33530.08,13-10-2020,Inactive
1316,404,Loan,776128.06,19-09-2024,Inactive
1317,1000,Savings,698546.32,02-10-2020,Inactive
1318,324,Loan,9410.19,09-12-2024,Active
1319,389,Loan,101647.08,20-10-2024,Inactive
1320,628,Current,187965.29,30-11-2023,Inactive
1321,243,Current,471874.02,11-10-2020,Inactive
1322,375,Savings,499271.25,23-06-2025,Active
1323,430,Loan,752443.57,01-06-2025,Inactive
1324,875,Current,280349.9,04-04-2023,Active
1325,586,Savings,979293.18,17-07-2025,Active
1326,834,Savings,721094.64,16-02-2023,Active
1327,569,Current,856452.43,22-08-2025,Active
1328,150,Loan,150398.51,15-02-2024,Active
1329,181,Current,500098.23,29-05-2022,Inactive
1330,805,Current,300734.15,03-09-2023,Active
1331,408,Savings,690852.63,08-08-2024,Active
1332,221,Current,477062.88,10-12-2023,Active
1333,461,Loan,335321.88,06-01-2025,Inactive
1334,369,Loan,557934,06-04-2024,Inactive
1335,353,Savings,412349.14,02-04-2024,Inactive
1336,889,Loan,963153.44,16-10-2021,Active
1337,591,Loan,650215.62,29-04-2021,Active
1338,800,Current,355753.93,30-09-2022,Inactive
1339,794,Loan,447483.19,17-05-2025,Active
1340,391,Loan,287237.05,27-10-2020,Active
1341,890,Savings,640940.07,29-06-2023,Inactive
1342,432,Loan,612697.83,25-08-2025,Inactive
1343,870,Savings,80032.82,10-10-2023,Inactive
1344,234,Current,317561.36,06-05-2021,Inactive
1345,728,Current,605779.59,30-11-2022,Inactive
1346,278,Current,781193.06,04-06-2025,Inactive
1347,766,Loan,521414.76,07-02-2023,Inactive
1348,424,Savings,184702.31,12-10-2023,Active
1349,129,Loan,235392.56,02-02-2023,Inactive
1350,964,Loan,700996.23,08-03-2022,Active
1351,216,Savings,397648.54,10-02-2022,Active
1352,66,Current,548885.31,17-11-2023,Active
1353,790,Current,524458.81,06-09-2025,Active
1354,107,Current,618484.07,23-07-2023,Active
1355,671,Current,310061.28,03-08-2023,Active
1356,756,Current,443717.27,01-08-2021,Active
1357,135,Loan,838679.26,24-05-2022,Active
1358,36,Loan,357484.4,01-05-2022,Inactive
1359,885,Current,467726.28,07-01-2021,Inactive
1360,562,Current,135979.79,06-07-2023,Active
1361,606,Loan,457086.88,19-04-2021,Inactive
1362,537,Loan,639888.72,17-09-2023,Inactive
1363,931,Current,482170.03,24-03-2023,Active
1364,825,Savings,442418.45,18-07-2021,Inactive
1365,423,Current,156561.82,03-09-2025,Active
1366,1,Loan,815564.41,29-03-2024,Active
1367,353,Current,469728.76,30-06-2022,Active
1368,705,Current,947010.55,28-09-2023,Inactive
1369,307,Savings,766103.33,28-08-2021,Inactive
1370,612,Savings,796970.62,28-07-2021,Inactive
1371,194,Current,882279.91,11-12-2020,Inactive
1372,405,Savings,164106.23,21-03-2024,Inactive
1373,849,Current,221371.83,16-12-2024,Active
1374,433,Loan,240322.25,08-05-2023,Inactive
1375,292,Loan,743183.97,22-08-2023,Inactive
1376,423,Savings,853628.54,21-08-2021,Active
1377,140,Current,111245.99,07-09-2022,Inactive
1378,633,Current,272862,16-05-2024,Inactive
1379,193,Current,20376,04-09-2022,Active
1380,993,Loan,23108.75,22-02-2024,Active
1381,289,Current,125914.16,01-10-2023,Inactive
1382,745,Savings,233577.69,22-10-2020,Active
1383,16,Current,217970.9,30-07-2023,Inactive
1384,320,Current,997965.48,25-12-2020,Inactive
1385,714,Savings,330918.4,13-11-2022,Active
1386,58,Current,775877.26,11-04-2021,Active
1387,557,Current,182422.13,26-11-2024,Inactive
1388,837,Current,828423.8,29-09-2022,Active
1389,998,Loan,249713.4,12-12-2024,Inactive
1390,254,Loan,994540.87,08-12-2021,Active
1391,472,Loan,771224.97,03-12-2021,Active
1392,485,Current,681760.88,29-09-2022,Inactive
1393,959,Current,159452.82,11-12-2022,Active
1394,763,Loan,521405.33,13-11-2021,Inactive
1395,493,Loan,299514.27,18-04-2024,Inactive
1396,909,Savings,863794.01,12-11-2024,Active
1397,997,Savings,236729.87,30-12-2024,Inactive
1398,333,Savings,168193,09-09-2024,Inactive
1399,599,Savings,396412.49,22-01-2021,Active
1400,10,Savings,581495.95,01-06-2022,Inactive
1401,705,Loan,155836.95,11-03-2022,Active
1402,255,Savings,500419.29,26-07-2022,Inactive
1403,954,Loan,60992.28,12-05-2025,Inactive
1404,661,Savings,701626.81,05-09-2021,Active
1405,129,Current,233441.96,30-11-2021,Inactive
1406,825,Current,733455.64,11-02-2025,Active
1407,706,Current,358809.33,29-05-2021,Active
1408,257,Savings,485816.83,24-06-2024,Inactive
1409,573,Current,543191.34,06-04-2021,Inactive
1410,195,Loan,187440.1,15-03-2025,Inactive
1411,332,Loan,468926.33,29-07-2025,Active
1412,71,Loan,155870.45,06-09-2022,Inactive
1413,840,Current,542064.35,24-09-2023,Inactive
1414,1,Loan,506451.78,04-05-2023,Active
1415,905,Savings,620114.87,29-06-2024,Inactive
1416,795,Loan,239547.77,13-06-2023,Active
1417,675,Loan,819230.68,27-11-2021,Active
1418,537,Loan,498051.61,29-09-2021,Active
1419,628,Current,323277.44,29-04-2021,Inactive
1420,114,Savings,523677.34,04-02-2022,Active
1421,45,Savings,179460.16,23-06-2024,Active
1422,207,Savings,485884.92,04-06-2023,Active
1423,33,Loan,642109.92,02-09-2025,Inactive
1424,674,Current,526295.54,28-04-2024,Inactive
1425,51,Current,221502.06,20-10-2022,Active
1426,14,Savings,656093.61,17-12-2024,Active
1427,480,Loan,61639.49,29-07-2022,Inactive
1428,842,Current,794455.33,28-04-2021,Active
1429,844,Loan,266549.82,21-06-2021,Active
1430,752,Savings,834622.04,30-04-2023,Active
1431,968,Savings,960626.16,23-06-2022,Active
1432,104,Loan,231786.99,03-10-2022,Inactive
1433,195,Savings,526665.83,14-08-2021,Active
1434,584,Loan,947555.84,11-11-2020,Inactive
1435,765,Savings,766517.14,11-04-2025,Inactive
1436,691,Current,702847.87,04-01-2025,Inactive
1437,905,Savings,167642.51,25-02-2024,Active
1438,564,Current,505188.09,07-02-2022,Active
1439,547,Loan,443569.16,09-10-2022,Inactive
1440,925,Current,550531.26,08-03-2021,Inactive
1441,866,Current,412930.95,26-05-2024,Inactive
1442,846,Loan,324127.47,27-07-2023,Active
1443,577,Loan,214714.21,02-09-2025,Inactive
1444,369,Current,448052.29,06-12-2022,Inactive
1445,1,Loan,35628.24,12-12-2020,Inactive
1446,611,Savings,518091.75,14-12-2020,Inactive
1447,7,Current,984410.03,21-09-2022,Active
1448,877,Current,22679.67,03-04-2025,Inactive
1449,942,Loan,511760.22,15-07-2021,Active
1450,97,Savings,460909.44,21-01-2025,Active
1451,142,Current,367715.81,19-11-2020,Active
1452,239,Current,811263.16,18-10-2022,Active
1453,585,Current,569495.87,11-04-2024,Active
1454,752,Savings,723856.95,05-04-2023,Inactive
1455,178,Current,825879.54,18-05-2025,Active
1456,610,Loan,301092.86,22-11-2023,Inactive
1457,81,Savings,921949.63,06-07-2021,Inactive
1458,357,Current,417105.19,16-01-2021,Active
1459,891,Savings,747930.98,07-02-2021,Active
1460,650,Loan,383104.48,27-10-2021,Inactive
1461,537,Savings,319997.22,20-04-2021,Active
1462,335,Loan,698070.88,25-12-2024,Active
1463,52,Loan,731846.99,10-01-2022,Inactive
1464,995,Current,753087.36,26-04-2023,Active
1465,228,Current,290493.25,15-05-2021,Inactive
1466,152,Savings,336832.01,16-11-2022,Inactive
1467,586,Loan,50261.79,04-12-2020,Inactive
1468,269,Savings,399128.51,09-05-2025,Inactive
1469,793,Loan,131244.8,20-06-2021,Active
1470,493,Loan,198910.42,14-07-2024,Inactive
1471,668,Loan,196903.2,10-02-2021,Active
1472,249,Savings,266990.83,14-11-2021,Inactive
1473,332,Loan,924213.94,16-02-2025,Active
1474,116,Loan,414168.47,14-12-2022,Inactive
1475,357,Savings,321417.62,27-04-2024,Active
1476,789,Current,170086.01,04-04-2021,Inactive
1477,632,Current,623558.97,03-05-2024,Inactive
1478,46,Savings,200485.53,28-05-2025,Inactive
1479,160,Loan,852911.38,23-09-2024,Active
1480,758,Savings,243805.26,04-04-2025,Active
1481,890,Current,14719.56,07-07-2024,Active
1482,313,Current,471719.11,10-05-2022,Inactive
1483,215,Loan,538467.45,15-04-2022,Active
1484,560,Loan,750604.79,09-04-2021,Inactive
1485,638,Loan,992309.83,13-02-2023,Active
1486,386,Loan,906134.25,22-07-2025,Active
1487,262,Savings,61049.94,10-08-2025,Active
1488,809,Loan,618346.81,16-10-2024,Active
1489,477,Loan,945231.31,25-10-2020,Active
1490,398,Loan,272039.07,05-07-2022,Inactive
1491,886,Savings,20059.25,25-10-2021,Inactive
1492,237,Current,509031.79,25-11-2020,Active
1493,926,Current,485177.49,09-02-2023,Active
1494,191,Savings,501150.17,28-04-2022,Inactive
1495,575,Loan,22466.97,17-05-2023,Active
1496,945,Loan,305622.6,09-12-2024,Inactive
1497,403,Loan,157848.25,25-11-2022,Inactive
1498,701,Current,356022.76,15-07-2022,Inactive
1499,242,Loan,276602.4,20-06-2022,Active
1500,641,Current,878798.6,03-05-2023,Active
